강의환경,강사평가,교재평가,플랫폼에게 바라는점
환기가 잘 되었다,전문성이 느껴졌다,교재가 잘 정리되어 있었다,더 많은 실습 예제가 있었으면 좋겠다
휴식시간이 부족했다,말이 너무 빨랐다,내용이 오래되었다,강의 추천 시스템이 있었으면 좋겠다
의자가 불편했다,예시가 부족했다,설명이 난해했다,커뮤니티 기능이 있으면 좋겠다
강의실 온도가 쾌적했다,시간 관리가 미흡했다,실습 자료가 유용했다,실시간 Q&A 기능이 필요하다
책상이 좁았다,질문에 친절히 답해주셨다,교재가 잘 정리되어 있었다,UI 디자인이 더 직관적이면 좋겠다
조명이 너무 어두웠다,강의가 체계적이었다,오탈자가 많았다,학습 진도 추적 기능이 필요하다
음향이 선명했다,학생 참여를 잘 유도했다,구체적인 사례가 부족했다,실시간 Q&A 기능이 필요하다
소음이 많았다,피드백이 적었다,내용이 오래되었다,UI 디자인이 더 직관적이면 좋겠다
음향이 선명했다,피드백이 적었다,교재가 잘 정리되어 있었다,더 많은 실습 예제가 있었으면 좋겠다
강의실이 청결했다,시간 관리가 미흡했다,그림과 예시가 유익했다,모바일 최적화가 필요하다
의자가 불편했다,학생 참여를 잘 유도했다,그림과 예시가 유익했다,더 많은 실습 예제가 있었으면 좋겠다
강의실 온도가 쾌적했다,말이 너무 빨랐다,오탈자가 많았다,학습 진도 추적 기능이 필요하다
소음이 많았다,강사가 설명을 잘했다,색감이 눈에 편했다,강의 다시보기 기능이 필요하다
책상이 좁았다,학생 참여를 잘 유도했다,구체적인 사례가 부족했다,강의 추천 시스템이 있었으면 좋겠다
프로젝터 화질이 좋았다,말이 너무 빨랐다,실습 자료가 유용했다,커뮤니티 기능이 있으면 좋겠다
음향이 선명했다,예시가 부족했다,분량이 너무 많았다,학습 진도 추적 기능이 필요하다
강의실 온도가 쾌적했다,강사가 설명을 잘했다,오탈자가 많았다,AI 기반 학습 피드백이 추가되었으면 한다
프로젝터 화질이 좋았다,강사가 설명을 잘했다,설명이 난해했다,더 다양한 강의 주제가 있었으면 한다
환기가 잘 되었다,발표 자료가 이해하기 어려웠다,실습 자료가 유용했다,UI 디자인이 더 직관적이면 좋겠다
휴식시간이 부족했다,발표 자료가 이해하기 어려웠다,분량이 너무 많았다,강의 다시보기 기능이 필요하다
환기가 잘 되었다,발표 자료가 이해하기 어려웠다,분량이 너무 많았다,강의 추천 시스템이 있었으면 좋겠다
강의실이 청결했다,강의가 체계적이었다,업데이트가 잘 되어 있었다,모바일 최적화가 필요하다
소음이 많았다,전문성이 느껴졌다,구체적인 사례가 부족했다,AI 기반 학습 피드백이 추가되었으면 한다
강의실이 청결했다,강의가 체계적이었다,색감이 눈에 편했다,모바일 최적화가 필요하다
조명이 너무 어두웠다,예시가 부족했다,내용이 오래되었다,커뮤니티 기능이 있으면 좋겠다
조명이 너무 어두웠다,피드백이 적었다,업데이트가 잘 되어 있었다,더 다양한 강의 주제가 있었으면 한다
책상이 좁았다,질문에 친절히 답해주셨다,그림과 예시가 유익했다,실시간 Q&A 기능이 필요하다
휴식시간이 부족했다,시간 관리가 미흡했다,설명이 난해했다,더 다양한 강의 주제가 있었으면 한다
의자가 불편했다,전문성이 느껴졌다,색감이 눈에 편했다,강의 다시보기 기능이 필요하다
프로젝터 화질이 좋았다,질문에 친절히 답해주셨다,업데이트가 잘 되어 있었다,AI 기반 학습 피드백이 추가되었으면 한다
